<?xml version="1.0"?>
<!--<!DOCTYPE metadata SYSTEM "http://www.esri.com/metadata/esriprof80.dtd">-->
<metadata xml:lang="en"><Esri><CreaDate>20100511</CreaDate><CreaTime>11473300</CreaTime><SyncOnce>FALSE</SyncOnce><DataProperties><lineage><Process ToolSource="C:\Program Files\ArcGIS\ArcToolbox\Toolboxes\Data Management Tools.tbx\CopyFeatures" Date="20100319" Time="122226">CopyFeatures N:\Agency_Projects\BCPSS\geodata\Archive\20100311\City_Schools_SY09-10_Schools_Final.shp N:\geomaster\Master_Geodatabases\EGIS_Master_GDB.gdb\Structure\City_Schools_SY09_10_Schools_Final # 0 0 0</Process><Process ToolSource="C:\Program Files\ArcGIS\ArcToolbox\Toolboxes\Data Management Tools.tbx\CopyFeatures" Date="20100319" Time="123513">CopyFeatures N:\geomaster\Master_Geodatabases\EGIS_Master_GDB.gdb\Structure\bcpss_school M:\geodata\shape\Structure\bcpss_school.shp # 0 0 0</Process><Process ToolSource="C:\Program Files\ArcGIS\ArcToolbox\Toolboxes\Conversion Tools.tbx\FeatureClassToFeatureClass" Date="20100511" Time="114459">FeatureClassToFeatureClass M:\geodata\shape\Structure\bcpss_school.shp N:\Agency_Projects\BCPSS\geodata\BCPSS_Geodata.gdb\Facility school_template # "BLDG_NUM 'BLDG_NUM' true true false 19 Double 0 0 ,First,#,M:\geodata\shape\Structure\bcpss_school.shp,BLDG_NUM,-1,-1;PRG__NUM 'PRG__NUM' true true false 19 Double 0 0 ,First,#,M:\geodata\shape\Structure\bcpss_school.shp,PRG__NUM,-1,-1;NAME 'NAME' true true false 254 Text 0 0 ,First,#,M:\geodata\shape\Structure\bcpss_school.shp,NAME,-1,-1;GRADES 'GRADES' true true false 254 Text 0 0 ,First,#,M:\geodata\shape\Structure\bcpss_school.shp,GRADES,-1,-1;ADDRESS 'ADDRESS' true true false 254 Text 0 0 ,First,#,M:\geodata\shape\Structure\bcpss_school.shp,ADDRESS,-1,-1;ZIPCODE 'ZIPCODE' true true false 254 Text 0 0 ,First,#,M:\geodata\shape\Structure\bcpss_school.shp,ZIPCODE,-1,-1;CATEGORY 'CATEGORY' true true false 254 Text 0 0 ,First,#,M:\geodata\shape\Structure\bcpss_school.shp,CATEGORY,-1,-1;TYPE 'TYPE' true true false 254 Text 0 0 ,First,#,M:\geodata\shape\Structure\bcpss_school.shp,TYPE,-1,-1;x_1 'x_1' true true false 19 Double 0 0 ,First,#,M:\geodata\shape\Structure\bcpss_school.shp,x_1,-1,-1;y_1 'y_1' true true false 19 Double 0 0 ,First,#,M:\geodata\shape\Structure\bcpss_school.shp,y_1,-1,-1" # N:\Agency_Projects\BCPSS\geodata\BCPSS_Geodata.gdb\Facility\school_template</Process><Process ToolSource="C:\Program Files\ArcGIS\ArcToolbox\Toolboxes\Data Management Tools.tbx\CopyFeatures" Date="20100511" Time="120846">CopyFeatures N:\Agency_Projects\BCPSS\geodata\Archive\20100510\SY2010_2011Facilities.gdb\schoolSY2010_2011 N:\geomaster\Master_Geodatabases\EGIS_Master_GDB.gdb\Structure\schoolSY2010_2011 # 0 0 0</Process><Process ToolSource="C:\Program Files\ArcGIS\ArcToolbox\Toolboxes\Data Management Tools.tbx\CopyFeatures" Date="20100511" Time="121458">CopyFeatures N:\geomaster\Master_Geodatabases\EGIS_Master_GDB.gdb\Structure\bcpss_school M:\geodata\shape\Structure\bcpss_school.shp # 0 0 0</Process></lineage></DataProperties><SyncDate>20100928</SyncDate><SyncTime>15233900</SyncTime><ModDate>20100928</ModDate><ModTime>15233900</ModTime><MetaID>{7840ED6F-EABF-4F41-BD8A-94A8E2312E54}</MetaID></Esri><idinfo><native Sync="TRUE">Microsoft Windows XP Version 5.1 (Build 2600) Service Pack 3; ESRI ArcCatalog 9.3.1.3000</native><descript><langdata Sync="TRUE">en</langdata><abstract>REQUIRED: A brief narrative summary of the data set.</abstract><purpose>REQUIRED: A summary of the intentions with which the data set was developed.</purpose></descript><citation><citeinfo><origin>REQUIRED: The name of an organization or individual that developed the data set.</origin><pubdate>REQUIRED: The date when the data set is published or otherwise made available for release.</pubdate><title Sync="TRUE">bcpss_school</title><ftname Sync="TRUE">bcpss_school</ftname><geoform Sync="TRUE">vector digital data</geoform><onlink Sync="TRUE">\\Balt-apps01-srv\Geoshare\geodata\shape\Structure\bcpss_school.shp</onlink></citeinfo></citation><timeperd><current>REQUIRED: The basis on which the time period of content information is determined.</current><timeinfo><sngdate><caldate>REQUIRED: The year (and optionally month, or month and day) for which the data set corresponds to the ground.</caldate></sngdate></timeinfo></timeperd><status><progress>REQUIRED: The state of the data set.</progress><update>REQUIRED: The frequency with which changes and additions are made to the data set after the initial data set is completed.</update></status><spdom><bounding><westbc Sync="TRUE">-76.705993</westbc><eastbc Sync="TRUE">-76.530066</eastbc><northbc Sync="TRUE">39.367453</northbc><southbc Sync="TRUE">39.225133</southbc></bounding><lboundng><leftbc Sync="TRUE">1395623.097877</leftbc><rightbc Sync="TRUE">1445196.824845</rightbc><bottombc Sync="TRUE">567921.890983</bottombc><topbc Sync="TRUE">619552.628928</topbc></lboundng></spdom><keywords><theme><themekt>REQUIRED: Reference to a formally registered thesaurus or a similar authoritative source of theme keywords.</themekt><themekey>REQUIRED: Common-use word or phrase used to describe the subject of the data set.</themekey></theme></keywords><accconst>REQUIRED: Restrictions and legal prerequisites for accessing the data set.</accconst><useconst>REQUIRED: Restrictions and legal prerequisites for using the data set after access is granted.</useconst><natvform Sync="TRUE">Shapefile</natvform></idinfo><dataIdInfo><envirDesc Sync="TRUE">Microsoft Windows XP Version 5.1 (Build 2600) Service Pack 3; ESRI ArcCatalog 9.3.1.3000</envirDesc><dataLang><languageCode Sync="TRUE" value="en"></languageCode></dataLang><idCitation><resTitle Sync="TRUE">bcpss_school</resTitle><presForm><PresFormCd Sync="TRUE" value="005"></PresFormCd></presForm></idCitation><spatRpType><SpatRepTypCd Sync="TRUE" value="001"></SpatRepTypCd></spatRpType><dataExt><geoEle><GeoBndBox esriExtentType="native"><westBL Sync="TRUE">1395623.097877</westBL><eastBL Sync="TRUE">1445196.824845</eastBL><northBL Sync="TRUE">619552.628928</northBL><southBL Sync="TRUE">567921.890983</southBL><exTypeCode Sync="TRUE">1</exTypeCode></GeoBndBox></geoEle></dataExt><geoBox esriExtentType="decdegrees"><westBL Sync="TRUE">-76.705993</westBL><eastBL Sync="TRUE">-76.530066</eastBL><northBL Sync="TRUE">39.367453</northBL><southBL Sync="TRUE">39.225133</southBL><exTypeCode Sync="TRUE">1</exTypeCode></geoBox></dataIdInfo><metainfo><langmeta Sync="TRUE">en</langmeta><metstdn Sync="TRUE">FGDC Content Standards for Digital Geospatial Metadata</metstdn><metstdv Sync="TRUE">FGDC-STD-001-1998</metstdv><mettc Sync="TRUE">local time</mettc><metc><cntinfo><cntorgp><cntper>REQUIRED: The person responsible for the metadata information.</cntper><cntorg>REQUIRED: The organization responsible for the metadata information.</cntorg></cntorgp><cntaddr><addrtype>REQUIRED: The mailing and/or physical address for the organization or individual.</addrtype><city>REQUIRED: The city of the address.</city><state>REQUIRED: The state or province of the address.</state><postal>REQUIRED: The ZIP or other postal code of the address.</postal></cntaddr><cntvoice>REQUIRED: The telephone number by which individuals can speak to the organization or individual.</cntvoice></cntinfo></metc><metd Sync="TRUE">20100928</metd><metextns><onlink Sync="TRUE">http://www.esri.com/metadata/esriprof80.html</onlink><metprof Sync="TRUE">ESRI Metadata Profile</metprof></metextns></metainfo><mdLang><languageCode Sync="TRUE" value="en"></languageCode></mdLang><mdStanName Sync="TRUE">ISO 19115 Geographic Information - Metadata</mdStanName><mdStanVer Sync="TRUE">DIS_ESRI1.0</mdStanVer><mdChar><CharSetCd Sync="TRUE" value="004"></CharSetCd></mdChar><mdHrLv><ScopeCd Sync="TRUE" value="005"></ScopeCd></mdHrLv><mdHrLvName Sync="TRUE">dataset</mdHrLvName><distinfo><resdesc Sync="TRUE">Downloadable Data</resdesc><stdorder><digform><digtinfo><transize Sync="TRUE">0.005</transize><dssize Sync="TRUE">0.005</dssize></digtinfo></digform></stdorder></distinfo><distInfo><distributor><distorTran><onLineSrc><orDesc Sync="TRUE">002</orDesc><linkage Sync="TRUE">file://\\Balt-apps01-srv\Geoshare\geodata\shape\Structure\bcpss_school.shp</linkage><protocol Sync="TRUE">Local Area Network</protocol></onLineSrc><transSize Sync="TRUE">0.005</transSize></distorTran><distorFormat><formatName Sync="TRUE">Shapefile</formatName></distorFormat></distributor></distInfo><spdoinfo><direct Sync="TRUE">Vector</direct><ptvctinf><esriterm Name="bcpss_school"><efeatyp Sync="TRUE">Simple</efeatyp><efeageom Sync="TRUE">Point</efeageom><esritopo Sync="TRUE">FALSE</esritopo><efeacnt Sync="TRUE">190</efeacnt><spindex Sync="TRUE">TRUE</spindex><linrefer Sync="TRUE">FALSE</linrefer></esriterm><sdtsterm Name="bcpss_school"><sdtstype Sync="TRUE">Entity point</sdtstype><ptvctcnt Sync="TRUE">190</ptvctcnt></sdtsterm></ptvctinf></spdoinfo><spref><horizsys><cordsysn><geogcsn Sync="TRUE">GCS_North_American_1983</geogcsn><projcsn Sync="TRUE">NAD_1983_StatePlane_Maryland_FIPS_1900_Feet</projcsn></cordsysn><planar><planci><plance Sync="TRUE">coordinate pair</plance><plandu Sync="TRUE">survey feet</plandu><coordrep><absres Sync="TRUE">0.000000</absres><ordres Sync="TRUE">0.000000</ordres></coordrep></planci><mapproj><mapprojn Sync="TRUE">Lambert Conformal Conic</mapprojn><lambertc><stdparll Sync="TRUE">38.300000</stdparll><stdparll Sync="TRUE">39.450000</stdparll><longcm Sync="TRUE">-77.000000</longcm><latprjo Sync="TRUE">37.666667</latprjo><feast Sync="TRUE">1312333.333333</feast><fnorth Sync="TRUE">0.000000</fnorth></lambertc></mapproj></planar><geodetic><horizdn Sync="TRUE">North American Datum of 1983</horizdn><ellips Sync="TRUE">Geodetic Reference System 80</ellips><semiaxis Sync="TRUE">6378137.000000</semiaxis><denflat Sync="TRUE">298.257222</denflat></geodetic></horizsys><vertdef><altsys><altenc Sync="TRUE">Explicit elevation coordinate included with horizontal coordinates</altenc><altres Sync="TRUE">0.000100</altres></altsys></vertdef></spref><refSysInfo><RefSystem><refSysID><identCode Sync="TRUE">NAD_1983_StatePlane_Maryland_FIPS_1900_Feet</identCode></refSysID></RefSystem></refSysInfo><spatRepInfo><VectSpatRep><topLvl><TopoLevCd Sync="TRUE" value="001"></TopoLevCd></topLvl><geometObjs Name="bcpss_school"><geoObjTyp><GeoObjTypCd Sync="TRUE" value="004"></GeoObjTypCd></geoObjTyp><geoObjCnt Sync="TRUE">190</geoObjCnt></geometObjs></VectSpatRep></spatRepInfo><eainfo><detailed Name="bcpss_school"><enttyp><enttypl Sync="TRUE">bcpss_school</enttypl><enttypt Sync="TRUE">Feature Class</enttypt><enttypc Sync="TRUE">190</enttypc></enttyp><attr><attrlabl Sync="TRUE">FID</attrlabl><attalias Sync="TRUE">FID</attalias><attrtype Sync="TRUE">OID</attrtype><attwidth Sync="TRUE">4</attwidth><atprecis Sync="TRUE">0</atprecis><attscale Sync="TRUE">0</attscale><attrdef Sync="TRUE">Internal feature number.</attrdef><attrdefs Sync="TRUE">ESRI</attrdefs><attrdomv><udom Sync="TRUE">Sequential unique whole numbers that are automatically generated.</udom></attrdomv></attr><attr><attrlabl Sync="TRUE">Shape</attrlabl><attalias Sync="TRUE">Shape</attalias><attrtype Sync="TRUE">Geometry</attrtype><attwidth Sync="TRUE">0</attwidth><atprecis Sync="TRUE">0</atprecis><attscale Sync="TRUE">0</attscale><attrdef Sync="TRUE">Feature geometry.</attrdef><attrdefs Sync="TRUE">ESRI</attrdefs><attrdomv><udom Sync="TRUE">Coordinates defining the features.</udom></attrdomv></attr><attr><attrlabl Sync="TRUE">BLDG_NUM</attrlabl><attalias Sync="TRUE">BLDG_NUM</attalias><attrtype Sync="TRUE">Float</attrtype><attwidth Sync="TRUE">19</attwidth><atnumdec Sync="TRUE">11</atnumdec></attr><attr><attrlabl Sync="TRUE">PRG__NUM</attrlabl><attalias Sync="TRUE">PRG__NUM</attalias><attrtype Sync="TRUE">Float</attrtype><attwidth Sync="TRUE">19</attwidth><atnumdec Sync="TRUE">11</atnumdec></attr><attr><attrlabl Sync="TRUE">NAME</attrlabl><attalias Sync="TRUE">NAME</attalias><attrtype Sync="TRUE">String</attrtype><attwidth Sync="TRUE">254</attwidth></attr><attr><attrlabl Sync="TRUE">GRADES</attrlabl><attalias Sync="TRUE">GRADES</attalias><attrtype Sync="TRUE">String</attrtype><attwidth Sync="TRUE">254</attwidth></attr><attr><attrlabl Sync="TRUE">ADDRESS</attrlabl><attalias Sync="TRUE">ADDRESS</attalias><attrtype Sync="TRUE">String</attrtype><attwidth Sync="TRUE">254</attwidth></attr><attr><attrlabl Sync="TRUE">ZIPCODE</attrlabl><attalias Sync="TRUE">ZIPCODE</attalias><attrtype Sync="TRUE">String</attrtype><attwidth Sync="TRUE">254</attwidth></attr><attr><attrlabl Sync="TRUE">CATEGORY</attrlabl><attalias Sync="TRUE">CATEGORY</attalias><attrtype Sync="TRUE">String</attrtype><attwidth Sync="TRUE">254</attwidth></attr><attr><attrlabl Sync="TRUE">TYPE</attrlabl><attalias Sync="TRUE">TYPE</attalias><attrtype Sync="TRUE">String</attrtype><attwidth Sync="TRUE">254</attwidth></attr><attr><attrlabl Sync="TRUE">x_1</attrlabl><attalias Sync="TRUE">x_1</attalias><attrtype Sync="TRUE">Float</attrtype><attwidth Sync="TRUE">19</attwidth><atnumdec Sync="TRUE">11</atnumdec></attr><attr><attrlabl Sync="TRUE">y_1</attrlabl><attalias Sync="TRUE">y_1</attalias><attrtype Sync="TRUE">Float</attrtype><attwidth Sync="TRUE">19</attwidth><atnumdec Sync="TRUE">11</atnumdec></attr></detailed></eainfo><mdDateSt Sync="TRUE">20100928</mdDateSt><dataqual><lineage><procstep><procdesc Sync="TRUE">Dataset copied.</procdesc><srcused Sync="TRUE">\\Balt-gis01-srv\geodev\Agency_Projects\BCPSS\geodata\BCPSS_Geodata.gdb</srcused><procdate Sync="TRUE">20100511</procdate><proctime Sync="TRUE">11473300</proctime></procstep></lineage></dataqual></metadata>
